{"dataset_xAxis": [1986.0, 1987.0, 1988.0, 1989.0, 1990.0, 1991.0, 1992.0, 1993.0, 1994.0, 1995.0, 1996.0, 1997.0, 1998.0, 1999.0, 2000.0, 2001.0, 2002.0, 2003.0, 2004.0, 2005.0, 2006.0, 2007.0, 2008.0, 2009.0, 2010.0, 2011.0, 2012.0, 2013.0, 2014.0, 2015.0, 2016.0, 2017.0, 2018.0, 2019.0, 2020.0, 2021.0, 2022.0, 2023.0, 2024.0, 2025.0], "dataset_yAxis": [77.47, 110.0, 211.77, 172.1, 178.01999999999998, 210.01000000000002, 235.32999999999998, 565.4799999999999, 307.65999999999997, 353.55, 501.15999999999997, 380.53, 376.59, 453.65, 609.1899999999999, 118.30000000000001, 721.98, 598.8399999999999, 1885.5300000000002, 2243.5299999999997, 2258.9, 1335.52, 1422.04, 2585.9900000000002, 1171.19, 2885.2200000000003, 3382.5299999999997, 4949.98, 163.82, 2185.94, 1632.11, 682.96, 473.36000000000007, 1955.8499999999997, 2177.56], "prophet": [75.03238506153784, 133.95303994025807, 294.3591123912245, 281.30784848248715, 342.8196334984278, 476.74691828610776, 629.4915580101293, 1773.5001602368006, 1138.2378372606922, 1541.4768311287912, 2572.609543131994, 2296.2908824727433, 2676.3411764878865, 3800.305559404603, 6005.657071033437, 1379.5190018582884, 9849.112423953786, 9633.736604712341, 35695.591278780325, 49896.09775849401, 59159.76064395521, 41247.67662362926, 51746.95051645218, 110460.17316746428, 58983.53104494888, 171090.86797843705, 236415.0312684939, 135582.1535767858, 54624.23164681285, 140037.17322034313, 338256.6671068456, 217085.33642184595, 87461.12934223148, 224218.4068559793, 541593.6987427955, 347582.57724026334, 140037.2913239017, 359003.54666513135, 867162.8555646627, 556525.6911097992], "k": -1}