{"三个样本.xlsx": {"样本1": {"xAxis": [1963, 1964, 1965, 1966, 1967, 1968, 1969, 1970, 1971, 1972, 1973, 1974, 1975, 1976, 1977, 1978, 1979, 1980, 1981, 1982, 1983, 1984, 1985, 1986, 1987, 1988, 1989, 1990, 1991, 1992, 1993, 1994, 1995, 1996, 1997, 1998, 1999, 2000, 2001, 2002, 2003, 2004, 2005, 2006, 2007, 2008, 2009, 2010, 2011, 2012, 2013, 2014, 2015, 2016, 2017, 2018, 2019, 2020], "yAxis": [1291, 2675, 27087, 5936, 5124, 132, 0, 9196, 2241, 902, 182, 5391, 7569, 2491, 0, 192, 1853, 1108, 4451, 2547, 9279, 16476, 7253, 8844, 2493, 4212, 4656, 4434, 4585, 2750, 2203, 4858, 2954, 3553, 5364, 4654, 4609, 5246, 4252, 5074, 9111, 5245, 5467, 5110, 7462, 6375, 5865, 5363, 10095, 3451, 868, 1417, 829, 774, 235, 1175, 1050, 1797]}, "样本2": {"xAxis": [1971.0, 1972.0, 1973.0, 1974.0, 1975.0, 1976.0, 1977.0, 1978.0, 1979.0, 1980.0, 1981.0, 1982.0, 1983.0, 1984.0, 1985.0, 1986.0, 1987.0, 1988.0, 1989.0, 1990.0, 1991.0, 1992.0, 1993.0, 1994.0, 1995.0, 1996.0, 1997.0, 1998.0, 1999.0, 2000.0, 2001.0, 2002.0, 2003.0, 2004.0, 2005.0, 2006.0, 2007.0, 2008.0, 2009.0, 2010.0, 2011.0, 2012.0, 2013.0, 2014.0, 2015.0, 2016.0, 2017.0, 2018.0, 2019.0, 2020.0], "yAxis": [75.0, 0.0, 0.0, 271.0, 1050.0, 1094.0, 1000.0, 764.0, 189.0, 0.0, 386.0, 877.0, 0.0, 58.0, 0.0, 80.0, 1228.0, 0.0, 575.0, 441.0, 34.0, 923.0, 168.0, 509.0, 1068.0, 117.0, 224.0, 1587.0, 463.0, 39.0, 1202.0, 2067.0, 0.0, 0.0, 1019.5, 55.7, 721.0, 611.0, 84.0, 0.0, 0.0, 787.0, 72.0, 0.0, 0.0, 374.0, 0.0, 156.0, 0.0, 0.0]}, "样本3": {"xAxis": [1986.0, 1987.0, 1988.0, 1989.0, 1990.0, 1991.0, 1992.0, 1993.0, 1994.0, 1995.0, 1996.0, 1997.0, 1998.0, 1999.0, 2000.0, 2001.0, 2002.0, 2003.0, 2004.0, 2005.0, 2006.0, 2007.0, 2008.0, 2009.0, 2010.0, 2011.0, 2012.0, 2013.0, 2014.0, 2015.0, 2016.0, 2017.0, 2018.0, 2019.0, 2020.0], "yAxis": [77.47, 110.0, 211.77, 172.1, 178.02, 210.01, 235.33, 565.4799999999999, 307.66, 353.55, 501.16, 380.53, 376.59, 453.65, 609.1899999999999, 118.3, 721.98, 598.8399999999999, 1885.53, 2243.53, 2258.9, 1335.52, 1422.04, 2585.99, 1171.19, 2885.22, 3382.53, 4949.98, 163.82, 2185.94, 1632.11, 682.96, 473.3600000000001, 1955.85, 2177.56]}, "样本2_平滑处理_8": {"xAxis": [1971, 1972, 1973, 1974, 1975, 1976, 1977, 1978, 1979, 1980, 1981, 1982, 1983, 1984, 1985, 1986, 1987, 1988, 1989, 1990, 1991, 1992, 1993, 1994, 1995, 1996, 1997, 1998, 1999, 2000, 2001, 2002, 2003, 2004, 2005, 2006, 2007, 2008, 2009, 2010, 2011, 2012, 2013, 2014, 2015, 2016, 2017, 2018, 2019, 2020], "yAxis": [74.32261804089649, 37.16130902044824, 24.77420601363216, 85.71875280716728, 276.67833276024396, 411.25181982629385, 494.06845135757845, 526.947361909956, 541.0686593377264, 541.0686593377264, 588.8828769440365, 663.9487211653419, 533.884139593773, 405.5537524431585, 281.6827223749977, 196.95493780837566, 325.65693804919476, 325.65693804919476, 349.06856273207717, 295.06079362235903, 299.2724086446765, 406.4208496536356, 427.2311827050866, 480.3718546043276, 460.55248979342184, 475.04540031139663, 431.5666687574722, 573.5228692155845, 626.6635411148255, 517.1615505345713, 645.2441956250497, 838.2352604712443, 705.9410003584485, 691.4480898404737, 789.9874942596955, 600.3037859163209, 632.2625116739064, 703.1167408728944, 564.6289292566905, 308.58751010580215, 308.58751010580215, 406.0740107694447, 288.7062097798624, 281.8065934050658, 192.49558072592188, 163.13814659976777, 152.73298007404227, 172.05686076467535, 172.05686076467535, 74.5703601010328]}, "样本2_平滑处理_2": {"xAxis": [1971, 1972, 1973, 1974, 1975, 1976, 1977, 1978, 1979, 1980, 1981, 1982, 1983, 1984, 1985, 1986, 1987, 1988, 1989, 1990, 1991, 1992, 1993, 1994, 1995, 1996, 1997, 1998, 1999, 2000, 2001, 2002, 2003, 2004, 2005, 2006, 2007, 2008, 2009, 2010, 2011, 2012, 2013, 2014, 2015, 2016, 2017, 2018, 2019, 2020], "yAxis": [74.86217761813523, 37.43108880906762, 0, 135.2510008967643, 659.2862442237109, 1070.0300587552128, 1045.0759995491678, 880.3792087892703, 475.62436846721914, 94.32634379885039, 192.64533707066798, 630.3395355446986, 437.6941984740307, 28.946708679012293, 28.946708679012293, 39.92649472967213, 652.7981888301392, 612.871694100467, 286.9716808695184, 507.066483066836, 237.06356245742825, 477.6206932037028, 544.4975718759036, 337.87796164985036, 787.0510273586617, 591.4112031832684, 170.18668378522742, 903.8360244429527, 1023.1164274478483, 250.53875442869258, 619.3597494940389, 1631.496390891227, 1031.6008075779037, 0, 508.81326721125913, 536.6120891667935, 387.6363557067043, 664.7761372490409, 346.8614229640266, 41.92281946615573, 0, 392.77689190314953, 428.7107371598545, 35.93384525670491, 0, 186.6563628612172, 186.6563628612172, 77.85666472286064, 77.85666472286064, 0]}, "样本1_平滑处理_3": {"xAxis": [1963, 1964, 1965, 1966, 1967, 1968, 1969, 1970, 1971, 1972, 1973, 1974, 1975, 1976, 1977, 1978, 1979, 1980, 1981, 1982, 1983, 1984, 1985, 1986, 1987, 1988, 1989, 1990, 1991, 1992, 1993, 1994, 1995, 1996, 1997, 1998, 1999, 2000, 2001, 2002, 2003, 2004, 2005, 2006, 2007, 2008, 2009, 2010, 2011, 2012, 2013, 2014, 2015, 2016, 2017, 2018, 2019, 2020], "yAxis": [1291.1308660287757, 1983.2010126530304, 10352.04925969315, 11900.53954440879, 12716.955627782005, 3731.04483671419, 1752.1775966556274, 3109.648520092027, 3812.719781763777, 4113.416926395317, 1108.445682815822, 2158.552119167654, 4381.110725884372, 5150.855412086396, 3353.6732538728334, 894.4239900736394, 681.735765822062, 1051.1065377197856, 2470.9171130919917, 2702.273896212046, 5426.2166553964325, 9434.956305279218, 11003.781984476587, 10858.767286123239, 6197.294810089063, 5183.525390106231, 3787.3838804422726, 4434.449465508592, 4558.795402257554, 3923.3976664840334, 3179.6556158488156, 3270.6648403326412, 3338.6717333535216, 3788.717348932878, 3957.401112994474, 4524.125221501811, 4876.160903021664, 4836.823582548801, 4702.809999242948, 4857.825711275837, 6146.289640323403, 6477.323193116218, 6608.3364723182085, 5274.534614590057, 6013.6095255081555, 6316.306872875603, 6567.999050477391, 5868.261460032157, 7108.387156295272, 6303.638922214851, 4805.153705896921, 1912.1938155282876, 1038.105219936382, 1006.7687104071528, 612.7287714332274, 728.0737958706031, 820.0831217223827, 1340.8025673038308]}, "样本3_平滑处理_3": {"xAxis": [1986, 1987, 1988, 1989, 1990, 1991, 1992, 1993, 1994, 1995, 1996, 1997, 1998, 1999, 2000, 2001, 2002, 2003, 2004, 2005, 2006, 2007, 2008, 2009, 2010, 2011, 2012, 2013, 2014, 2015, 2016, 2017, 2018, 2019, 2020], "yAxis": [81.6387508925743, 98.77898947870726, 140.24118973517218, 173.4819065587353, 197.37531835561538, 196.75708247260292, 218.96790911060245, 355.0711336742479, 389.37268706979836, 430.8998723480571, 408.3061609870556, 433.9032341661008, 441.996503907355, 425.3076477698988, 505.62913470719076, 414.89950617122844, 509.1558894034665, 505.52024088688745, 1126.295808805153, 1660.771267781085, 2243.9011882093237, 2050.6989620640425, 1762.1338509640864, 1877.0308821996273, 1819.3066193272173, 2333.278425751196, 2613.079340668675, 3940.4563704236366, 2984.509136315588, 2564.1825026485963, 1398.713020165289, 1581.0715294306867, 979.4928882207346, 1093.2131636562237, 1618.2218856735274]}}, "数据单元.xlsx": {"1": {"xAxis": [1962.0, 1963.0, 1964.0, 1965.0, 1966.0, 1967.0, 1968.0, 1969.0, 1970.0, 1971.0, 1972.0, 1973.0, 1974.0, 1975.0, 1976.0, 1977.0, 1978.0, 1979.0, 1980.0, 1981.0, 1982.0, 1983.0, 1984.0, 1985.0, 1986.0, 1987.0, 1988.0, 1989.0, 1990.0, 1991.0, 1992.0, 1993.0, 1994.0, 1995.0, 1996.0, 1997.0, 1998.0, 1999.0, 2000.0, 2001.0, 2002.0, 2003.0, 2004.0, 2005.0, 2006.0, 2007.0, 2008.0, 2009.0, 2010.0, 2011.0, 2012.0, 2013.0, 2014.0, 2015.0, 2016.0, 2017.0, 2018.0, 2019.0, 2020.0, 2021.0, 2022.0, 2023.0, 2024.0, 2025.0],